{"cameraMode":{"drawMode":0,"name":"Shaded","section":"Shading Mode"},"sceneLighting":true,"audioPlay":false,"sceneViewState":{"m_AlwaysRefresh":false,"showFog":true,"showSkybox":true,"showFlares":true,"showImageEffects":true,"showParticleSystems":true,"showVisualEffectGraphs":true,"m_FxEnabled":true},"in2DMode":false,"pivot":{"x":0.09185445308685303,"y":-0.13627076148986817,"z":11.241625785827637},"rotation":{"x":0.23907265067100526,"y":0.5683042407035828,"z":-0.1771053969860077,"w":0.7671461701393127},"size":0.8660253882408142,"orthographic":false}